entity_id	business_name	business_address	country
S1-00001	Apex Logistics Inc	1200 Industrial Pkwy, Suite 400, Chicago, IL 60607	US
S1-00002	Beacon Health Services LLC	450 Lexington Ave, 12th Floor, New York, NY 10017	US
S1-00003	Cascade Mountain Coffee Corp	88 Pine St, Seattle, WA 98101	US
S1-00004	Delta Precision Engineering	3050 Technology Dr, Austin, TX 78759	US
S1-00005	Echo River Bookstore Co	14 Market St, San Francisco, CA 94105	US
S1-00006	Falcon Security Systems	2100 Elmwood Ave, Buffalo, NY 14207	US
S1-00007	Grand View Motors	500 Highway 101, San Jose, CA 95110	US
S1-00008	Horizon Organic Bakery	77 Broadway, Boston, MA 02116	US
S1-00009	Ironclad Industrial Supply	8900 Commerce Way, Miami, FL 33178	US
S1-00010	Jupiter Data Solutions	101 Federal St, Pittsburgh, PA 15212	US
S1-00011	Sharma Electronic Enterprises Pvt Ltd	Plot 42, Sector 18, Electronic City, Bengaluru 560100	India
S1-00012	Maharaja Sweets and Snacks	Shop 12, Near SBI ATM, MG Road, Pune 411001	India
S1-00013	Balaji Hardware and Sanitary	14/B, Opposite Old Bus Stand, Ring Road, Surat 395002	India
S1-00014	Sunrise Pharma Chemists	Shop 5, Ground Floor, Behind Civil Hospital, Ahmedabad 380016	India
S1-00015	Krishna Textiles and Garments	204 Cotton Market, Near Gandhi Chowk, Surat 395003	India
S1-00016	Patel Automobile Workshop	Survey No 88, Near Toll Plaza, NH 48, Vadodara 390010	India
S1-00017	Rajesh Kirana and General Store	Gali No 3, Vikas Nagar, Uttam Nagar, New Delhi 110059	India
S1-00018	Sai Baba Steel Traders	Plot 105, Phase 2, GIDC Industrial Estate, Rajkot 360002	India
S1-00019	Om Sai Tour and Travels	Office 3, 2nd Floor, City Center Mall, Jaipur 302001	India
S1-00020	Sri Venkateshwara Motors	Shop 7, Main Road, Beside HP Petrol Pump, Hyderabad 500034	India
